{
  "tailwind.config.ts": 1776593696.0677419,
  "eslint.config.js": 1776593696.0475943,
  "vite.config.ts": 1776593696.068065,
  "vitest.config.ts": 1776593696.0681396,
  "postcss.config.js": 1776593696.0486996,
  "capacitor.config.ts": 1776593696.0473926,
  "supabase/functions/smtp-send/index.ts": 1776593696.0663443,
  "supabase/functions/gmail-oauth-start/index.ts": 1776593696.065901,
  "supabase/functions/apple-notifications/index.ts": 1776593696.0647328,
  "supabase/functions/generate-personalization/index.ts": 1776593696.0653477,
  "supabase/functions/send-email/index.ts": 1776593696.0662127,
  "supabase/functions/generate-followup/index.ts": 1776593696.0650945,
  "supabase/functions/validate-apple-receipt/index.ts": 1776593696.066861,
  "supabase/functions/smtp-verify/index.ts": 1776593696.0664694,
  "supabase/functions/dispatch-notifications/index.ts": 1776593696.0648658,
  "supabase/functions/start-trial/index.ts": 1776593696.0666132,
  "supabase/functions/gmail-oauth-callback/index.ts": 1776593696.0657122,
  "src/App.tsx": 1776593696.0495133,
  "src/main.tsx": 1776593696.0615318,
  "src/vite-env.d.ts": 1776593696.0643194,
  "src/context/AppContext.tsx": 1776593696.058556,
  "src/test/example.test.ts": 1776593696.0641446,
  "src/test/setup.ts": 1776593696.064232,
  "src/integrations/supabase/types.ts": 1776593696.060703,
  "src/integrations/supabase/client.ts": 1776593696.0605586,
  "src/integrations/lovable/index.ts": 1776593696.0604222,
  "src/components/NotificationBell.tsx": 1776593696.0512772,
  "src/components/NavLink.tsx": 1776593696.0511837,
  "src/components/StatusBadge.tsx": 1776593696.0515273,
  "src/components/TrialBanner.tsx": 1776593696.0516968,
  "src/components/RequireOnboarding.tsx": 1776593696.0514464,
  "src/components/TabLayout.tsx": 1776593696.05161,
  "src/components/NotificationPermissionCard.tsx": 1776593696.051359,
  "src/components/GoogleIcon.tsx": 1776593696.0510926,
  "src/components/ErrorBoundary.tsx": 1776593696.051009,
  "src/components/ui/aspect-ratio.tsx": 1776593696.0533195,
  "src/components/ui/alert-dialog.tsx": 1776593696.05315,
  "src/components/ui/pagination.tsx": 1776593696.0560713,
  "src/components/ui/tabs.tsx": 1776593696.0575337,
  "src/components/ui/card.tsx": 1776593696.0538466,
  "src/components/ui/slider.tsx": 1776593696.0572128,
  "src/components/ui/popover.tsx": 1776593696.0561502,
  "src/components/ui/progress.tsx": 1776593696.056234,
  "src/components/ui/toaster.tsx": 1776593696.0578907,
  "src/components/ui/input-otp.tsx": 1776593696.055455,
  "src/components/ui/chart.tsx": 1776593696.0542421,
  "src/components/ui/hover-card.tsx": 1776593696.0553706,
  "src/components/ui/sheet.tsx": 1776593696.0569284,
  "src/components/ui/scroll-area.tsx": 1776593696.0564785,
  "src/components/ui/resizable.tsx": 1776593696.0563986,
  "src/components/ui/label.tsx": 1776593696.0556169,
  "src/components/ui/sonner.tsx": 1776593696.0572927,
  "src/components/ui/navigation-menu.tsx": 1776593696.0559814,
  "src/components/ui/accordion.tsx": 1776593696.052968,
  "src/components/ui/drawer.tsx": 1776593696.0549889,
  "src/components/ui/tooltip.tsx": 1776593696.0581388,
  "src/components/ui/alert.tsx": 1776593696.0532305,
  "src/components/ui/use-toast.ts": 1776593696.0582108,
  "src/components/ui/switch.tsx": 1776593696.0573733,
  "src/components/ui/calendar.tsx": 1776593696.0537615,
  "src/components/ui/breadcrumb.tsx": 1776593696.0535831,
  "src/components/ui/radio-group.tsx": 1776593696.0563138,
  "src/components/ui/command.tsx": 1776593696.0546014,
  "src/components/ui/toggle-group.tsx": 1776593696.0579796,
  "src/components/ui/avatar.tsx": 1776593696.053407,
  "src/components/ui/menubar.tsx": 1776593696.0558016,
  "src/components/ui/dialog.tsx": 1776593696.0548947,
  "src/components/ui/badge.tsx": 1776593696.0534928,
  "src/components/ui/sidebar.tsx": 1776593696.0570436,
  "src/components/ui/table.tsx": 1776593696.0574539,
  "src/components/ui/separator.tsx": 1776593696.0567477,
  "src/components/ui/button.tsx": 1776593696.0536723,
  "src/components/ui/toggle.tsx": 1776593696.0580611,
  "src/components/ui/toast.tsx": 1776593696.0578065,
  "src/components/ui/checkbox.tsx": 1776593696.054327,
  "src/components/ui/collapsible.tsx": 1776593696.0544107,
  "src/components/ui/dropdown-menu.tsx": 1776593696.0551927,
  "src/components/ui/select.tsx": 1776593696.056662,
  "src/components/ui/textarea.tsx": 1776593696.0576222,
  "src/components/ui/input.tsx": 1776593696.0555382,
  "src/components/ui/skeleton.tsx": 1776593696.0571337,
  "src/components/ui/context-menu.tsx": 1776593696.0547943,
  "src/components/ui/form.tsx": 1776593696.0552807,
  "src/components/ui/carousel.tsx": 1776593696.05403,
  "src/components/auth/AuthForm.tsx": 1776593696.051946,
  "src/components/invoice/ScheduleEditor.tsx": 1776593696.0528305,
  "src/components/invoice/ChaseTimeline.tsx": 1776593696.0523524,
  "src/components/invoice/NewInvoiceModal.tsx": 1776593696.0526412,
  "src/components/invoice/DraftTemplates.ts": 1776593696.052455,
  "src/components/invoice/AIDraftComposer.tsx": 1776593696.052158,
  "src/hooks/use-mobile.tsx": 1776593696.0592945,
  "src/hooks/useNotificationPreferences.ts": 1776593696.0596433,
  "src/hooks/useEntitlement.ts": 1776593696.0594625,
  "src/hooks/useSendingMailbox.ts": 1776593696.0599108,
  "src/hooks/use-toast.ts": 1776593696.059379,
  "src/hooks/useNotifications.ts": 1776593696.0598257,
  "src/hooks/useGmailConnection.ts": 1776593696.0595572,
  "src/hooks/useSupabaseData.ts": 1776593696.0601375,
  "src/lib/validation.ts": 1776593696.061461,
  "src/lib/data.ts": 1776593696.0608797,
  "src/lib/scheduleDefaults.ts": 1776593696.061211,
  "src/lib/utils.ts": 1776593696.0613806,
  "src/lib/localInvoice.ts": 1776593696.0610397,
  "src/lib/testingMode.ts": 1776593696.0612998,
  "src/lib/iap.ts": 1776593696.060965,
  "src/pages/Index.tsx": 1776593696.0621724,
  "src/pages/RootRedirect.tsx": 1776593696.0632966,
  "src/pages/PostInvoiceAuthScreen.tsx": 1776593696.06314,
  "src/pages/AuthScreen.tsx": 1776593696.061683,
  "src/pages/WelcomeScreen.tsx": 1776593696.0635297,
  "src/pages/OnboardingScreen.tsx": 1776593696.062845,
  "src/pages/InvoiceDetailScreen.tsx": 1776593696.0623765,
  "src/pages/InvoicesScreen.tsx": 1776593696.0625885,
  "src/pages/SettingsScreen.tsx": 1776593696.0634406,
  "src/pages/DashboardScreen.tsx": 1776593696.0620887,
  "src/pages/BillingScreen.tsx": 1776593696.0618637,
  "src/pages/PreDashboardDecisionScreen.tsx": 1776593696.0632176,
  "src/pages/NotFound.tsx": 1776593696.0626693,
  "src/pages/PaywallScreen.tsx": 1776593696.063042,
  "src/pages/legal/PrivacyPolicy.tsx": 1776593696.0637848,
  "src/pages/legal/TermsOfUse.tsx": 1776593696.0639966,
  "src/flow/FlowMachine.tsx": 1776593696.0588095,
  "src/flow/withAuthRetry.ts": 1776593696.0591607,
  "src/flow/FlowRouter.tsx": 1776593696.0588977,
  "src/flow/states.ts": 1776593696.05899,
  "src/flow/FlowBootstrap.tsx": 1776593696.0587227,
  "src/flow/transitions.ts": 1776593696.0590765,
  "index.html": 1776593696.047699,
  "README.md": 1776593696.04597,
  "public/robots.txt": 1776593696.0492558,
  "public/placeholder.svg": 1776593696.049152,
  "src/assets/app-logo.png": 1776593696.0505617,
  "src/assets/google-signin-button.png": 1776593696.0508523
}